#{"t_start": 1713548417.9669626, "env_id": "BipedalWalker-v3"}
r,l,t
-99.499717,74,0.348432
-101.506029,68,0.378811
