#{"t_start": 1713548417.9673512, "env_id": "BipedalWalker-v3"}
r,l,t
-101.484948,69,0.318134
-98.9398,91,0.368984
