#{"t_start": 1727593556.7111225, "env_id": "BipedalWalker-v3"}
r,l,t
-107.54575,160,139.203324
-194.663185,1148,139.981552
-131.807979,363,140.221676
-171.873913,939,140.837842
-141.228731,719,141.304967
