#{"t_start": 1713548417.967385, "env_id": "BipedalWalker-v3"}
r,l,t
-101.484948,69,0.429868
-98.9398,91,0.470113
